<?xml version="1.0" encoding="UTF-8"?>
<!--炫彩界面库-布局面板文件-->
<head />
<layoutPanel heightT="550" showT="true" widthT="360">
	<layoutEleUI layout.height="fill" layout.width="fill" rect="169,242,100,100" showT="true" expandT="true">
		<layoutEleUI layout.height="auto" layout.margin="-20,0,0,30" layout.width="fill" rect="74,43,100,100" showT="true" expandT="true">
			<shapePicture image="@logo.png" layout.height="auto" layout.width="auto" rect="96,42,100,100" showT="true" expandT="true" />
		</layoutEleUI>
		<shapeText content="欢迎来到未闻花名" font="@雅黑_b14" layout.height="30" layout.width="fill" rect="100,159,100,20" showT="true" textColor="@标题颜色" expandT="true" />
		<shapeText content="请在下方输入你的卡密信息" font="@雅黑_10" layout.height="30" layout.margin="0,0,0,34" layout.width="fill" rect="91,217,100,20" showT="true" textColor="@提示标签颜色" expandT="true" />
		<editUI bkInfoM="@编辑框_背景" contentTips="在此输入卡密" contentTipsColor="@编辑框_提示文本颜色" font="@雅黑_18" layout.height="50" layout.width="fill" name="code_edit_key" rect="157,227,100,20" showT="true" textColor="@标题颜色" transparent="true" expandT="true" />
		<layoutEleUI layout.height="30" layout.margin="0,16" layout.width="fill" rect="79,321,100,100" showT="true" expandT="true">
			<shapeText content="还没有卡密？" font="@雅黑_10" layout.height="30" layout.margin="0,0,-8,34" layout.width="auto" rect="111,237,100,20" showT="true" textColor="@提示标签颜色" expandT="true" />
			<buttonUI bkInfoM="{99:1.9.9;98:16(0)32(1)64(2)2(3);7:2(48)3(60,30,0,0)30(4,购买卡密)21(3)31(@雅黑_10)32(37)22(-8872163)23(255);7:2(15)30(4,购买卡密)21(4)31(@雅黑_10)32(37)24(2,0.00,-10516735,0,-9530855,100);7:2(48)3(60,30,0,0)30(4,购买卡密)21(4)31(@雅黑_10)32(37)24(2,0.00,-9530855,0,-7413179,100);7:2(48)3(60,30,0,0)30(4,购买卡密)21(3)31(@雅黑_10)32(37)22(1517525276)23(90);}" cursor="IDC_HAND" layout.height="30" layout.width="60" name="code_buy" rect="185,183,60,25" showT="true" transparent="true" expandT="true" />
		</layoutEleUI>
		<buttonUI bkInfoM="@按钮_选择框" buttonType="check" content="记住卡密信息，并且下次自动登录" font="@雅黑_10" layout.height="30" layout.margin="0,20,0,20" layout.width="230" name="code_check_rmr" rect="99,365,60,25" showT="true" style="check" textColor="@提示标签颜色_次级" transparent="true" expandT="true" />
		<buttonUI bkInfoM="@按钮_渐变" content="登 录" cursor="IDC_HAND" font="@雅黑_b12" layout.height="50" layout.width="fill" layout.wrap="true" name="code_login" rect="97,443,60,25" showT="true" textColor="@白色" transparent="true" expandT="true" />
		<elementUI bkInfoM="@分割" layout.height="20" layout.margin="0,20,0,20" layout.width="fill" rect="147,512,100,100" showT="true" transparent="true" expandT="true" />
		<buttonUI bkInfoM="@按钮_边框" content="使用账户模式" cursor="IDC_HAND" font="@雅黑_12" layout.height="50" layout.width="fill" name="code_go_login" rect="180,404,60,25" showT="true" textColor="@按钮_文本颜色_次级" transparent="true" expandT="true" />
	</layoutEleUI>
</layoutPanel>
