<?xml version="1.0" encoding="UTF-8"?>
<!--炫彩界面库-布局面板文件-->
<head />
<layoutPanel heightT="440" showT="true" widthT="360">
	<layoutEleUI layout.height="fill" layout.width="fill" rect="264,138,100,100" showT="true" expandT="true">
		<shapePicture image="@充值标题.png" layout.height="74" layout.width="auto" rect="145,148,100,100" showT="true" expandT="true" />
		<shapeText content="充值账户前，请先确认账户是否正确" font="@雅黑_b13" layout.height="30" layout.width="fill" rect="260,319,100,20" showT="true" textColor="@次标题颜色" expandT="true" />
		<shapeText content="充值遇到问题？" font="@雅黑_10" layout.height="30" layout.margin="0,0,-8,34" layout.width="auto" rect="204,305,100,20" showT="true" textColor="@提示标签颜色_加深" expandT="true" />
		<buttonUI bkInfoM="{99:1.9.9;98:16(0)32(1)64(2)2(3);7:2(48)3(60,30,0,0)30(4,联系客服)21(3)31(@雅黑_10)32(37)22(-8872163)23(255);7:2(15)30(4,联系客服)21(4)31(@雅黑_10)32(37)24(2,0.00,-10516735,0,-9530855,100);7:2(48)3(60,30,0,0)30(4,联系客服)21(4)31(@雅黑_10)32(37)24(2,0.00,-9530855,0,-7413179,100);7:2(48)3(60,30,0,0)30(4,联系客服)21(3)31(@雅黑_10)32(37)22(1517525276)23(90);}" cursor="IDC_HAND" layout.height="30" layout.width="60" name="den_service" rect="305,303,60,25" showT="true" transparent="true" expandT="true" />
		<editUI bkInfoM="@编辑框_背景" contentTips="用户名" contentTipsColor="@编辑框_提示文本颜色" font="@雅黑_18" layout.height="50" layout.width="fill" layout.wrap="true" name="den_edit_username" rect="123,313,100,20" showT="true" textColor="@标题颜色" transparent="true" expandT="true" />
		<editUI bkInfoM="@编辑框_背景" contentTips="卡密" contentTipsColor="@编辑框_提示文本颜色" font="@雅黑_18" layout.height="50" layout.margin="0,14,0,44" layout.width="fill" layout.wrap="true" name="den_edit_password" rect="223,413,100,20" showT="true" textColor="@标题颜色" transparent="true" expandT="true" />
		<buttonUI bkInfoM="@按钮_渐变" content="充 值" cursor="IDC_HAND" font="@雅黑_b12" layout.height="50" layout.width="fill" layout.wrap="true" name="den_den" rect="157,503,60,25" showT="true" textColor="@白色" transparent="true" expandT="true" />
	</layoutEleUI>
</layoutPanel>
