<?xml version="1.0" encoding="UTF-8"?>
<!--炫彩界面库-布局面板文件-->
<head />
<layoutPanel heightT="550" showT="true" widthT="360">
	<layoutEleUI layout.height="fill" layout.width="fill" rect="235,261,100,100" showT="true" expandT="true">
		<layoutEleUI layout.height="auto" layout.margin="-20,0,0,30" layout.width="fill" rect="120,60,100,100" showT="true" expandT="true">
			<shapePicture image="@logo.png" layout.height="auto" layout.width="auto" rect="128,42,100,100" showT="true" expandT="true" />
		</layoutEleUI>
		<shapeText content="欢迎来到未闻花名" font="@雅黑_b14" layout.height="30" layout.width="fill" rect="90,173,100,20" showT="true" textColor="@标题颜色" expandT="true" />
		<shapeText content="还没有账户？" font="@雅黑_10" layout.height="30" layout.margin="0,0,-8,34" layout.width="auto" rect="84,185,100,20" showT="true" textColor="@提示标签颜色" expandT="true" />
		<buttonUI bkInfoM="{99:1.9.9;98:16(0)32(1)64(2)2(3);7:2(48)3(60,30,0,0)30(4,创建账户)21(3)31(@雅黑_10)32(37)22(-8872163)23(255);7:2(15)30(4,创建账户)21(4)31(@雅黑_10)32(37)24(2,0.00,-10516735,0,-9530855,100);7:2(48)3(60,30,0,0)30(4,创建账户)21(4)31(@雅黑_10)32(37)24(2,0.00,-9530855,0,-7413179,100);7:2(48)3(60,30,0,0)30(4,创建账户)21(3)31(@雅黑_10)32(37)22(1517525276)23(90);}" cursor="IDC_HAND" layout.height="30" layout.width="60" name="create_account" rect="165,163,60,25" showT="true" transparent="true" expandT="true" />
		<editUI bkInfoM="@编辑框_背景" contentTips="用户名" contentTipsColor="@编辑框_提示文本颜色" font="@雅黑_18" layout.height="50" layout.width="fill" layout.wrap="true" name="login_edit_username" rect="83,273,100,20" showT="true" textColor="@标题颜色" transparent="true" expandT="true" />
		<editUI bkInfoM="@编辑框_背景" border="0,0,48,0" contentTips="密码" contentTipsColor="@编辑框_提示文本颜色" font="@雅黑_18" layout.height="50" layout.margin="0,14" layout.width="fill" layout.wrap="true" name="login_edit_password" rect="103,293,100,20" showT="true" textColor="@标题颜色" transparent="true" expandT="true" />
		<buttonUI bkInfoM="@按钮_密码可见性" buttonType="check" cursor="IDC_HAND" layout.float="true" layout.height="20" layout.margin="0,-33,20,0" layout.width="20" name="login_check_visible" rect="247,30,60,25" showT="true" style="check" transparent="true" expandT="true" />
		<layoutEleUI layout.height="30" layout.margin="0,16,0,20" layout.width="fill" rect="228,350,100,100" showT="true" expandT="true">
			<buttonUI bkInfoM="@按钮_选择框" buttonType="check" content="记住登录状态" cursor="IDC_HAND" font="@雅黑_10" layout.height="30" layout.width="110" name="login_check_rmr" rect="151,36,60,25" showT="true" style="check" textColor="@提示标签颜色_次级" transparent="true" expandT="true" />
			<buttonUI bkInfoM="{99:1.9.9;98:16(0)32(1)64(2)2(3);7:2(48)3(60,30,0,0)30(4,忘记密码)21(3)31(@雅黑_10)32(37)22(-8872163)23(255);7:2(15)30(4,忘记密码)21(4)31(@雅黑_10)32(37)24(2,0.00,-10516735,0,-9530855,100);7:2(48)3(60,30,0,0)30(4,忘记密码)21(4)31(@雅黑_10)32(37)24(2,0.00,-9530855,0,-7413179,100);7:2(48)3(60,30,0,0)30(4,忘记密码)21(3)31(@雅黑_10)32(37)22(1517525276)23(90);}" cursor="IDC_HAND" layout.float="true" layout.height="30" layout.width="60" name="login_forget" rect="205,203,60,25" showT="true" transparent="true" expandT="true" />
		</layoutEleUI>
		<buttonUI bkInfoM="@按钮_渐变" content="登 录" cursor="IDC_HAND" font="@雅黑_b12" layout.height="50" layout.width="fill" layout.wrap="true" name="login_login" rect="77,423,60,25" showT="true" textColor="@白色" transparent="true" expandT="true" />
		<elementUI bkInfoM="@分割" layout.height="20" layout.margin="0,20,0,20" layout.width="fill" rect="132,518,100,100" showT="true" transparent="true" expandT="true" />
		<buttonUI bkInfoM="@按钮_边框" content="使用卡密模式" cursor="IDC_HAND" font="@雅黑_12" layout.height="50" layout.width="fill" name="login_go_code" rect="120,344,60,25" showT="true" textColor="@按钮_文本颜色_次级" transparent="true" expandT="true" />
	</layoutEleUI>
</layoutPanel>
