<?xml version="1.0" encoding="UTF-8"?>
<!--炫彩界面库-窗口布局文件-->
<head />
<windowUI bkInfoM="{sizeT:100,100;99:1.9.9;98:1(0);5:2(15)20(1)21(3)26(1)22(-1)23(255)9(10,10,10,10);}" center="true" content="HUM - UI" dragBorder="true" dragWindow="true" minSize="1200,680" overlayBorder="true" rect="20,20,1320,800" shadowAngleSize="10" shadowDepth="80" shadowRightAngle="false" showT="true" transparentAlpha="255" transparentFlag="shadow" windowStyle="0">
	<buttonUI cursor="IDC_HAND" expandT="true" layout.height="24" layout.width="24" name="navAdj" rect="30,600,40,40" showT="true" toolTip="收起" topmost="true" transparent="true" />
	<layoutFrameUI expandT="true" layout.height="fill" layout.width="fill" mouseThrough="true" rect="16,9,240,662" showT="true">
		<layoutEleUI bkInfoM="{99:1.9.9;98:16(0);5:41(1)2(15)20(1)21(3)26(1)22(-263430)23(255)9(10,0,0,10);}" expandT="false" layout.height="fill" layout.width="300" name="nav" padding="32,32,0,32" rect="271,212,100,100" showT="true">
			<layoutEleUI expandT="false" layout.height="auto" layout.width="fill" rect="70,55,100,100" showT="true">
				<shapePicture expandT="true" image="@logo.png" layout.height="auto" layout.width="auto" name="logo" rect="64,70,100,100" showT="true" />
				<layoutEleUI expandT="true" layout.height=":1" layout.margin="10,0,10" layout.width=":1" rect="131,70,100,100" showT="true">
					<shapeText content="未闻花名UI" expandT="true" font="@微软雅黑_加粗_14" layout.height=":1" layout.width="fill" name="名称" rect="42,11,100,20" showT="true" textColor="@标题颜色" />
					<shapeText content="www.xxx.com" expandT="true" font="@微软雅黑_9" layout.height="22" layout.width="fill" name="邮箱" rect="62,31,100,20" showT="true" textColor="@次标题颜色" />
				</layoutEleUI>
				<layoutEleUI expandT="true" layout.alignV="center" layout.height=":1" layout.width="60" rect="272,69,100,100" showT="true">
					<buttonUI bkInfoM="{99:1.9.9;98:16(0)32(1)64(2)2(3);3:2(15)4(@set_1.png);3:2(15)4(@set_2.png);3:2(15)4(@set_3.png);3:2(15)4(@set_4.png);}" cursor="IDC_HAND" expandT="true" layout.height="40" layout.width="40" name="设置" rect="26,25,60,25" showT="true" toolTip="设置" transparent="true" />
				</layoutEleUI>
			</layoutEleUI>
			<layoutEleUI expandT="false" layout.height="30" layout.margin="8,40,0,10" layout.width="fill" rect="110,54,100,100" showT="true">
				<shapeText content="列表" expandT="true" font="@微软雅黑_10" layout.height="fill" layout.width="fill" rect="82,51,100,20" showT="true" textColor="@次要标题" />
			</layoutEleUI>
			<layoutFrameUI drawBorder="false" drawFocus="false" enableFocus="false" expandT="false" layout.height=":1" layout.margin="0,0,10" layout.spaceRow="10" layout.width="fill" rect="107,219,100,100" scrollBarAuto="false" scrollBarShowH="false" showT="true">
				<child>
					<scrollBarUI bkInfoM="{99:1.9.9;98:16(0);3:2(15)4();}" enable="false" show="false" showButton="false" childType="scrollBarH" />
					<buttonUI enable="false" show="false" childType="scrollBarH.up" />
					<buttonUI enable="false" show="false" childType="scrollBarH.down" />
					<buttonUI enable="false" show="false" childType="scrollBarH.button" />
					<scrollBarUI bkInfoM="{99:1.9.9;98:16(0);3:2(15)4();}" enable="false" show="false" showButton="false" childType="scrollBarV" />
					<buttonUI bkInfoM="{sizeT:6,100;99:1.9.9;98:272(0)288(1)320(1)128(2);5:2(26)3(6,0,0,0)20(1)21(3)26(1)22(-2631721)23(255)9(3,3,3,3);5:2(26)3(6,0,0,0)20(1)21(3)26(1)22(-3355444)23(255)9(3,3,3,3);5:2(26)3(6,0,0,0)20(1)21(3)26(1)22(-4868683)23(255)9(3,3,3,3);}" drawBorder="false" drawFocus="false" enableFocus="false" childType="scrollBarV.button" />
				</child>
				<buttonUI bindEle="@ID_main_首页" bkInfoM="{sizeT:236,60;99:1.9.9;98:272(0,4)288(7,1,4)320(7,1,4)128(6,2,4)2(3,5);3:2(15)3(10,10,186,10)4(@nav_1.png);3:2(15)3(10,10,186,10)4(@nav_1_1.png);3:2(15)3(10,10,186,10)4(@nav_1_2.png);3:2(15)3(10,10,186,10)4(@nav_1_3.png);7:2(15)3(64,0,0,0)30(2,首页)21(3)31(@微软雅黑_12)32(36)22(-10593189)23(255);7:2(15)3(64,0,0,0)30(2,首页)21(3)31(@微软雅黑_12)32(36)22(-3618616)23(255);5:2(15)20(1)21(3)26(1)22(514632876)23(30)9(22,22,22,22);5:2(15)20(1)21(3)26(1)22(550029512)23(32)9(22,22,22,22);}" buttonType="radio" check="true" cursor="IDC_HAND" expandT="true" groupID="1" layout.height="60" layout.width="236" name="首页" rect="54,61,60,25" showT="true" transparent="true" />
				<buttonUI bindEle="@ID_main_下载列表" bkInfoM="{sizeT:236,60;99:1.9.9;98:272(0,4)288(7,1,4)320(7,1,4)128(6,2,4)2(3,5);3:2(15)3(10,10,186,10)4(@nav_2.png);3:2(15)3(10,10,186,10)4(@nav_2_1.png);3:2(15)3(10,10,186,9)4(@nav_2_2.png);3:2(15)3(10,10,186,10)4(@nav_2_3.png);7:2(15)3(64,0,0,0)30(4,下载列表)21(3)31(@微软雅黑_12)32(36)22(-10593189)23(255);7:2(15)3(64,0,0,0)30(4,下载列表)21(3)31(@微软雅黑_12)32(36)22(-3618616)23(255);5:2(15)20(1)21(3)26(1)22(514632876)23(30)9(22,22,22,22);5:2(15)20(1)21(3)26(1)22(550029512)23(32)9(22,22,22,22);}" buttonType="radio" cursor="IDC_HAND" expandT="true" groupID="1" layout.height="60" layout.width="236" name="下载列表" rect="94,101,60,25" showT="true" transparent="true" />
				<buttonUI bindEle="@ID_main_用户列表" bkInfoM="{sizeT:236,60;99:1.9.9;98:272(0,4)288(7,1,4)320(7,1,4)128(6,2,4)2(3,5);3:2(15)3(10,10,186,10)4(@nav_3.png);3:2(15)3(10,10,186,10)4(@nav_3_1.png);3:2(15)3(10,10,186,10)4(@nav_3_2.png);3:2(15)3(10,10,186,10)4(@nav_3_3.png);7:2(15)3(64,0,0,0)30(4,用户列表)21(3)31(@微软雅黑_12)32(36)22(-10593189)23(255);7:2(15)3(64,0,0,0)30(4,用户列表)21(3)31(@微软雅黑_12)32(36)22(-3618616)23(255);5:2(15)20(1)21(3)26(1)22(514632876)23(30)9(22,22,22,22);5:2(15)20(1)21(3)26(1)22(550029512)23(32)9(22,22,22,22);}" buttonType="radio" cursor="IDC_HAND" expandT="true" groupID="1" layout.height="60" layout.width="236" name="用户列表" rect="114,121,60,25" showT="true" transparent="true" />
				<buttonUI bindEle="@ID_main_正在关注" bkInfoM="{sizeT:236,60;99:1.9.9;98:272(0,4)288(7,1,4)320(7,1,4)128(6,2,4)2(3,5);3:2(15)3(10,10,186,10)4(@nav_4.png);3:2(15)3(10,10,186,10)4(@nav_4_1.png);3:2(15)3(10,10,186,10)4(@nav_4_2.png);3:2(15)3(10,10,186,10)4(@nav_4_3.png);7:2(15)3(64,0,0,0)30(4,正在关注)21(3)31(@微软雅黑_12)32(36)22(-10593189)23(255);7:2(15)3(64,0,0,0)30(4,正在关注)21(3)31(@微软雅黑_12)32(36)22(-3618616)23(255);5:2(15)20(1)21(3)26(1)22(514632876)23(30)9(22,22,22,22);5:2(15)20(1)21(3)26(1)22(550029512)23(32)9(22,22,22,22);}" buttonType="radio" cursor="IDC_HAND" expandT="true" groupID="1" layout.height="60" layout.width="236" name="正在关注" rect="134,141,60,25" showT="true" transparent="true" />
				<buttonUI bindEle="@ID_main_更多" bkInfoM="{sizeT:236,60;99:1.9.9;98:272(0,4)288(7,1,4)320(7,1,4)128(6,2,4)2(3,5);3:2(15)3(10,10,186,10)4(@nav_5.png);3:2(15)3(10,10,186,10)4(@nav_5_1.png);3:2(15)3(10,10,185,10)4(@nav_5_2.png);3:2(15)3(10,10,186,10)4(@nav_5_3.png);7:2(15)3(64,0,0,0)30(2,更多)21(3)31(@微软雅黑_12)32(36)22(-10593189)23(255);7:2(15)3(64,0,0,0)30(2,更多)21(3)31(@微软雅黑_12)32(36)22(-3618616)23(255);5:2(15)20(1)21(3)26(1)22(514632876)23(30)9(22,22,22,22);5:2(15)20(1)21(3)26(1)22(550029512)23(32)9(22,22,22,22);}" buttonType="radio" cursor="IDC_HAND" expandT="true" groupID="1" layout.height="60" layout.width="236" name="更多" rect="154,161,60,25" showT="true" transparent="true" />
				<buttonUI bkInfoM="{sizeT:236,60;99:1.9.9;98:272(0,4)288(7,1,4)320(7,1,4)128(6,2,4)2(3,5);3:2(15)3(10,10,186,10)4(@nav_5.png);3:2(15)3(10,10,186,10)4(@nav_5_1.png);3:2(15)3(10,10,185,10)4(@nav_5_2.png);3:2(15)3(10,10,186,10)4(@nav_5_3.png);7:2(15)3(64,0,0,0)30(2,更多)21(3)31(@微软雅黑_12)32(36)22(-10593189)23(255);7:2(15)3(64,0,0,0)30(2,更多)21(3)31(@微软雅黑_12)32(36)22(-3618616)23(255);5:2(15)20(1)21(3)26(1)22(514632876)23(30)9(22,22,22,22);5:2(15)20(1)21(3)26(1)22(550029512)23(32)9(22,22,22,22);}" buttonType="radio" cursor="IDC_HAND" expandT="true" groupID="1" layout.height="60" layout.width="236" name="testBtn1" rect="174,181,60,25" showT="true" transparent="true" />
				<buttonUI bkInfoM="{sizeT:236,60;99:1.9.9;98:272(0,4)288(7,1,4)320(7,1,4)128(6,2,4)2(3,5);3:2(15)3(10,10,186,10)4(@nav_5.png);3:2(15)3(10,10,186,10)4(@nav_5_1.png);3:2(15)3(10,10,185,10)4(@nav_5_2.png);3:2(15)3(10,10,186,10)4(@nav_5_3.png);7:2(15)3(64,0,0,0)30(2,更多)21(3)31(@微软雅黑_12)32(36)22(-10593189)23(255);7:2(15)3(64,0,0,0)30(2,更多)21(3)31(@微软雅黑_12)32(36)22(-3618616)23(255);5:2(15)20(1)21(3)26(1)22(514632876)23(30)9(22,22,22,22);5:2(15)20(1)21(3)26(1)22(550029512)23(32)9(22,22,22,22);}" buttonType="radio" cursor="IDC_HAND" expandT="true" groupID="1" layout.height="60" layout.width="236" name="testBtn2" rect="194,201,60,25" showT="true" transparent="true" />
				<buttonUI bkInfoM="{sizeT:236,60;99:1.9.9;98:272(0,4)288(7,1,4)320(7,1,4)128(6,2,4)2(3,5);3:2(15)3(10,10,186,10)4(@nav_5.png);3:2(15)3(10,10,186,10)4(@nav_5_1.png);3:2(15)3(10,10,185,10)4(@nav_5_2.png);3:2(15)3(10,10,186,10)4(@nav_5_3.png);7:2(15)3(64,0,0,0)30(2,更多)21(3)31(@微软雅黑_12)32(36)22(-10593189)23(255);7:2(15)3(64,0,0,0)30(2,更多)21(3)31(@微软雅黑_12)32(36)22(-3618616)23(255);5:2(15)20(1)21(3)26(1)22(514632876)23(30)9(22,22,22,22);5:2(15)20(1)21(3)26(1)22(550029512)23(32)9(22,22,22,22);}" buttonType="radio" cursor="IDC_HAND" expandT="true" groupID="1" layout.height="60" layout.width="236" name="testBtn3" rect="214,221,60,25" showT="true" transparent="true" />
			</layoutFrameUI>
		</layoutEleUI>
		<layoutEleUI expandT="true" layout.height="fill" layout.width=":1" rect="291,232,100,100" showT="true" topmost="true">
			<layoutEleUI expandT="false" layout.height="auto" layout.width="fill" rect="315,189,100,100" showT="true">
				<layoutEleUI bkInfoM="{99:1.9.9;98:16(0);5:2(15)20(1)21(3)26(1)22(-1)23(255)9(0,12,0,0);}" enableCanvas="true" expandT="false" layout.alignH="right" layout.alignV="center" layout.float="true" layout.height="auto" layout.space="1" layout.width="100" padding="0,16,20" rect="0,0,100,100" showT="true" topmost="true" transparent="true">
					<buttonUI bkInfoM="{sizeT:14,14;99:1.9.9;98:16(0)32(1)64(2)2(3);6:2(48)3(14,14,0,0)20(1)21(3)26(1)22(-7742348)23(255);6:2(48)3(14,14,0,0)20(1)21(3)26(1)22(-9054628)23(255);6:2(48)3(14,14,0,0)20(1)21(3)26(1)22(-8201621)23(255);6:2(48)3(14,14,0,0)20(1)21(3)26(1)22(1351212148)23(80);}" buttonType="min" cursor="IDC_HAND" expandT="true" layout.height="20" layout.width="20" rect="52,63,60,25" showT="true" toolTip="最小化" transparent="true" />
					<buttonUI bkInfoM="{sizeT:14,14;99:1.9.9;98:16(0)32(1)64(2)2(3);6:2(48)3(14,14,0,0)20(1)21(3)26(1)22(-8924423)23(255);6:2(48)3(14,14,0,0)20(1)21(3)26(1)22(-12796169)23(255);6:2(48)3(14,14,0,0)20(1)21(3)26(1)22(-9646343)23(255);6:2(48)3(14,14,0,0)20(1)21(3)26(1)22(1350030073)23(80);}" buttonType="max" cursor="IDC_HAND" expandT="true" layout.height="20" layout.width="20" rect="32,43,60,25" showT="true" toolTip="最大化" transparent="true" />
					<buttonUI bkInfoM="{sizeT:14,14;99:1.9.9;98:16(0)32(1)64(2)2(3);6:2(48)3(14,14,0,0)20(1)21(3)26(1)22(-9210888)23(255);6:2(48)3(14,14,0,0)20(1)21(3)26(1)22(-11053065)23(255);6:2(48)3(14,14,0,0)20(1)21(3)26(1)22(-9145096)23(255);6:2(48)3(14,14,0,0)20(1)21(3)26(1)22(1349743608)23(80);}" buttonType="close" cursor="IDC_HAND" expandT="true" layout.height="20" layout.width="20" rect="12,23,60,25" showT="true" toolTip="关闭" transparent="true" />
				</layoutEleUI>
			</layoutEleUI>
			<layoutEleUI expandT="false" id="@ID_main_首页" layout.height=":1" layout.width="fill" name="main_首页" padding="40,0,40,40" rect="335,209,100,100" showT="true">
				<layoutEleUI expandT="false" layout.alignBaseline="center" layout.alignH="left" layout.alignV="center" layout.height="auto" layout.horizon="true" layout.space="6" layout.width="fill" rect="375,249,100,100" showT="true">
					<shapeText content="数据概况" expandT="true" font="@微软雅黑_12_加粗" layout.height="auto" layout.width="auto" rect="62,31,100,20" showT="true" textColor="@右侧标题" />
					<shapeRect borderColor="#FFE1E6E9" expandT="true" rect="76,11,2,14" showT="true" />
					<shapeText content="SUMMARY" expandT="true" font="@微软雅黑_11" layout.height="auto" layout.width="auto" rect="82,51,100,20" showT="true" textColor="@次要标题" />
				</layoutEleUI>
				<layoutEleUI expandT="false" layout.alignH="left" layout.height="148" layout.space="15" layout.width="fill" padding="0,24,0,40" rect="91,92,100,100" showT="true">
					<layoutEleUI bkInfoM="{99:1.9.9;98:16(0);3:2(15)4(@sd_home.png);}" expandT="false" layout.alignBaseline="auto" layout.height="84" layout.space="10" layout.width="%30(百分比)" padding="20,20,20,24" rect="198,53,100,100" showT="true">
						<shapePicture expandT="true" image="@icon1.png" layout.height="auto" layout.width="auto" rect="45,31,100,100" showT="true" />
						<shapeText content="账户余额" expandT="true" font="@微软雅黑_12" layout.height="fill" layout.width=":1" rect="82,51,100,20" showT="true" textAlign="DT_LEFT,DT_VCENTER,DT_SINGLELINE,DT_END_ELLIPSIS" textColor="@次要标题" />
						<shapeText content="￥708.48" expandT="true" font="@微软雅黑_12_加粗" layout.float="true" layout.height="fill" layout.width="auto" rect="102,71,100,20" showT="true" textColor="@右侧标题" />
					</layoutEleUI>
					<layoutEleUI bkInfoM="{99:1.9.9;98:16(0);3:2(15)4(@sd_home.png);}" expandT="false" layout.alignBaseline="auto" layout.height="84" layout.space="10" layout.width="%30(百分比)" padding="20,20,20,24" rect="218,73,100,100" showT="true">
						<shapePicture expandT="true" image="@icon2.png" layout.height="auto" layout.width="auto" rect="65,51,100,100" showT="true" />
						<shapeText content="剩余积分" expandT="true" font="@微软雅黑_12" layout.height="fill" layout.width=":1" rect="102,71,100,20" showT="true" textAlign="DT_LEFT,DT_VCENTER,DT_SINGLELINE,DT_END_ELLIPSIS" textColor="@次要标题" />
						<shapeText content="1008611" expandT="true" font="@微软雅黑_12_加粗" layout.float="true" layout.height="fill" layout.width="auto" rect="122,91,100,20" showT="true" textColor="@右侧标题" />
					</layoutEleUI>
					<layoutEleUI bkInfoM="{sizeT:490,80;99:1.9.9;98:16(0,1);3:2(15)4(@icon3_bg.png);5:2(15)20(1)21(3)26(1)22(-65536)23(255)40(1)9(6,6,6,6);}" expandT="false" layout.alignBaseline="center" layout.alignV="center" layout.height="84" layout.space="10" layout.width="%40(百分比)" padding="20,20,20,20" rect="238,93,100,100" showT="true">
						<shapeText content="会员到期:" expandT="true" font="@微软雅黑_12" layout.height="fill" layout.width="auto" rect="102,71,100,20" showT="true" textColor="#FFFFFFFF" />
						<shapeText content="2099 ╱ 12 ╱ 24" expandT="true" font="@微软雅黑_12_加粗" layout.height="fill" layout.width=":1" rect="122,91,100,20" showT="true" textAlign="DT_LEFT,DT_VCENTER,DT_SINGLELINE,DT_END_ELLIPSIS" textColor="#FFFFFFFF" />
						<buttonUI bkInfoM="{99:1.9.9;98:16(0)32(0)64(0)2(1);5:2(15)20(1)21(3)26(1)22(-1)23(255)9(6,6,6,6);5:2(15)20(1)21(3)26(1)22(-1761607681)23(150)9(6,6,6,6);}" content="立即续费" cursor="IDC_HAND" expandT="true" font="@微软雅黑_12_加粗" layout.height="38" layout.width="100" name="首页_立即续费" rect="241,45,60,25" showT="true" textColor="#FF5C69E1" toolTip="续费" transparent="true" />
					</layoutEleUI>
				</layoutEleUI>
				<layoutEleUI bkInfoM="{99:1.9.9;98:16(0);5:2(15)20(1)21(3)26(1)22(-1)23(255)10(1)7(1)11(3)16(1)12(-855568)13(255)9(6,6,6,6);}" expandT="true" layout.height=":1" layout.width="fill" padding="22,20,22,0" rect="288,217,100,100" showT="true">
					<layoutEleUI expandT="false" layout.alignBaseline="center" layout.height="auto" layout.space="6" layout.width="fill" rect="268,51,100,100" showT="true">
						<shapeText content="运行项目" expandT="true" font="@微软雅黑_12_加粗" layout.height="auto" layout.width="auto" rect="82,51,100,20" showT="true" textColor="@右侧标题" />
						<shapeRect borderColor="#FFE1E6E9" expandT="true" rect="96,31,2,14" showT="true" />
						<shapeText content="ON-GOING PROJECT" expandT="true" font="@微软雅黑_11" layout.height="auto" layout.width="auto" rect="102,71,100,20" showT="true" textColor="@次要标题" />
					</layoutEleUI>
					<layoutEleUI expandT="true" layout.float="true" layout.height="58" layout.space="10" layout.width="fill" padding="0,20" rect="288,71,100,100" showT="true">
						<shapeText content="筛选:" expandT="true" font="@微软雅黑_11" layout.height="fill" layout.width="auto" rect="82,51,100,20" showT="true" textColor="@标题颜色" />
						<dateTimeUI bkInfoM="{sizeT:180,38;99:1.9.9;98:16(0)9(0)5(1)2(2);5:2(15)20(1)21(3)26(1)22(-1)23(255)10(1)7(1)11(3)16(1)12(-1515555)13(255)9(5,5,5,5);5:2(15)3(0,0,40,0)20(1)21(3)26(1)22(-1)23(255)10(1)7(1)11(3)16(1)12(-2965059)13(255)9(5,5,5,5);5:2(15)3(0,0,40,0)20(1)21(3)26(1)22(-1)23(255)10(1)7(1)11(3)16(1)12(-1120026)13(255)9(5,5,5,5);}" border="10" expandT="true" font="@微软雅黑_11" layout.height="fill" layout.width="180" name="date1" rect="98,43,117,25" showT="true">
							<buttonUI bkInfoM="{99:1.9.9;98:272(0)288(1)320(1)128(1)2(2);3:2(15)4(@dateBtn1.png);3:2(15)4(@dateBtn2.png);3:2(15)4(@dateBtn3.png);}" cursor="IDC_HAND" expandT="true" layout.height="fill" layout.width="41" name="date_btn1" rect="139,0,40,38" showT="true" topmost="true" transparent="true" />
						</dateTimeUI>
						<shapeText content="至" expandT="true" font="@微软雅黑_11" layout.height="fill" layout.width="auto" rect="102,71,100,20" showT="true" textColor="@标题颜色" />
						<dateTimeUI bkInfoM="{sizeT:180,38;99:1.9.9;98:16(0)9(0)5(1)2(2);5:2(15)20(1)21(3)26(1)22(-1)23(255)10(1)7(1)11(3)16(1)12(-1515555)13(255)9(5,5,5,5);5:2(15)3(0,0,40,0)20(1)21(3)26(1)22(-1)23(255)10(1)7(1)11(3)16(1)12(-2965059)13(255)9(5,5,5,5);5:2(15)3(0,0,40,0)20(1)21(3)26(1)22(-1)23(255)10(1)7(1)11(3)16(1)12(-1120026)13(255)9(5,5,5,5);}" border="10" expandT="true" font="@微软雅黑_11" layout.height="fill" layout.width="180" name="date2" rect="118,63,117,25" showT="true">
							<buttonUI bkInfoM="{99:1.9.9;98:272(0)288(1)320(1)128(1)2(2);3:2(15)4(@dateBtn1.png);3:2(15)4(@dateBtn2.png);3:2(15)4(@dateBtn3.png);}" cursor="IDC_HAND" expandT="true" layout.height="fill" layout.width="41" name="date_btn2" rect="139,20,40,38" showT="true" topmost="true" transparent="true" />
						</dateTimeUI>
						<layoutEleUI expandT="true" layout.float="true" layout.height="fill" layout.width="%90(百分比)" rect="508,36,100,100" showT="true">
							<buttonUI bkInfoM="{99:1.9.9;98:16(0)32(1)64(2)2(3);3:2(15)4(@搜索.png);3:2(15)4(@搜索_1.png);3:2(15)4(@搜索_2.png);3:2(15)4(@搜索_3.png);}" cursor="IDC_HAND" expandT="true" layoutControl="false" name="首页_搜索按钮" rect="12,10,20,20" showT="true" toolTip="搜索" />
							<editUI bkInfoM="{sizeT:200,38;99:1.9.9;98:16(0)32(1)2(2);5:2(15)10(1)7(1)11(3)16(1)12(-1515555)13(255)9(18,18,18,18);5:2(15)10(1)7(1)11(3)16(1)12(-4081481)13(255)9(18,18,18,18);5:2(15)10(1)7(1)11(3)16(1)12(-1763123235)13(150)9(18,18,18,18);}" border="34,0,20,0" caretColor="#FF5C89CD" contentTips="搜索项目名 ╱ 编号 ╱ 版本" contentTipsColor="#FFBCBCBC" expandT="true" font="@微软雅黑_11" layout.height="fill" layout.width="fill" name="编辑框2" rect="111,39,100,20" showT="true" transparent="true" />
						</layoutEleUI>
					</layoutEleUI>
					<layoutEleUI expandT="true" layout.height=":1" layout.width="fill" name="home_listBox" padding="0,24,0,16" rect="308,91,100,100" showT="true" />
				</layoutEleUI>
			</layoutEleUI>
			<layoutEleUI bkInfoM="{99:1.9.9;5:2(15)20(1)21(3)26(1)22(-1)23(255);}" expandT="false" id="@ID_main_下载列表" layout.height=":1" layout.width="fill" name="main_下载列表" padding="40,0,40,40" rect="355,229,100,100" show="false" showT="false">
				<layoutEleUI expandT="false" layout.alignBaseline="center" layout.alignH="left" layout.alignV="center" layout.height="auto" layout.horizon="true" layout.space="6" layout.width="fill" rect="395,269,100,100" showT="true">
					<shapeText content="流量明细" expandT="true" font="@微软雅黑_12_加粗" layout.height="auto" layout.width="auto" rect="82,51,100,20" showT="true" textColor="@右侧标题" />
					<shapeRect borderColor="#FFE1E6E9" expandT="true" rect="96,31,2,14" showT="true" />
					<shapeText content="FLOW RATE" expandT="true" font="@微软雅黑_11" layout.height="auto" layout.width="auto" rect="102,71,100,20" showT="true" textColor="@次要标题" />
				</layoutEleUI>
				<layoutEleUI expandT="true" layout.alignH="left" layout.height="184" layout.space="15" layout.width="fill" padding="0,24,0,40" rect="111,112,100,100" showT="true">
					<layoutEleUI bkInfoM="{99:1.9.9;98:16(0,1,2);5:2(15)20(1)21(3)26(1)22(-13098737)23(255)9(10,10,10,10);3:2(15)4(@grid.png);3:2(15)4(@mask_dl.png);}" expandT="true" layout.alignBaseline="center" layout.alignH="left" layout.alignV="top" layout.height="fill" layout.width="fill" padding="22,20,22,20" rect="276,83,100,100" showT="true">
						<layoutEleUI expandT="false" layout.height="fill" layout.width="260" rect="348,48,100,100" showT="true">
							<layoutEleUI expandT="true" layout.height="fill" layout.width="180" rect="249,44,100,100" showT="true">
								<layoutEleUI expandT="false" layout.height="20" layout.width="fill" rect="93,25,100,100" showT="true">
									<shapeText content="剩余流量：78.06GB" expandT="true" font="@微软雅黑_12_加粗" layout.height="20" layout.width="180" rect="102,71,100,20" showT="true" textAlign="DT_LEFT,DT_VCENTER,DT_SINGLELINE,DT_END_ELLIPSIS" textColor="#FFE7E9EB" />
								</layoutEleUI>
								<layoutEleUI expandT="true" layout.alignV="center" layout.height=":1" layout.width="180" rect="93,55,100,100" showT="true">
									<buttonUI bkInfoM="{99:1.9.9;98:16(0)32(0)64(0)2(1);5:2(15)20(1)21(3)26(1)22(-1)23(255)9(6,6,6,6);5:2(15)20(1)21(3)26(1)22(-1761607681)23(150)9(6,6,6,6);}" content="购买流量" cursor="IDC_HAND" expandT="true" font="@微软雅黑_10" layout.height="32" layout.width="80" name="购买流量" rect="261,65,60,25" showT="true" textColor="#FF0f2138" toolTip="购买流量" transparent="true" />
								</layoutEleUI>
							</layoutEleUI>
							<layoutEleUI expandT="true" layout.height="80" layout.width="80" rect="251,45,100,100" showT="true">
								<elementUI expandT="true" layout.height="fill" layout.width="fill" name="剩余流量" rect="23,31,100,100" showT="true" transparent="true" />
							</layoutEleUI>
						</layoutEleUI>
						<elementUI bkInfoM="{sizeT:1,50;99:1.9.9;98:16(0);5:2(15)20(1)21(3)26(1)22(687865855)23(40);}" enable="false" expandT="true" layout.height="50" layout.margin="30,0,30" layout.width="1" rect="311,71,100,100" showT="true" transparent="true" />
						<layoutEleUI expandT="false" layout.height="fill" layout.width="260" rect="368,68,100,100" showT="true">
							<layoutEleUI expandT="true" layout.height="fill" layout.width="180" rect="269,64,100,100" showT="true">
								<layoutEleUI expandT="true" layout.height="20" layout.width="fill" rect="113,45,100,100" showT="true">
									<shapeText content="会员剩余：678.5MB" expandT="true" font="@微软雅黑_12_加粗" layout.height="20" layout.width="180" rect="122,91,100,20" showT="true" textAlign="DT_LEFT,DT_VCENTER,DT_SINGLELINE,DT_END_ELLIPSIS" textColor="#FFE7E9EB" />
								</layoutEleUI>
								<layoutEleUI expandT="true" layout.alignV="center" layout.height=":1" layout.width="180" rect="113,75,100,100" showT="true">
									<buttonUI bkInfoM="{99:1.9.9;98:16(0)32(0)64(0)2(1);5:2(15)20(1)21(3)26(1)22(-1)23(255)9(6,6,6,6);5:2(15)20(1)21(3)26(1)22(-1761607681)23(150)9(6,6,6,6);}" content="续费会员" cursor="IDC_HAND" expandT="true" font="@微软雅黑_10" layout.height="32" layout.width="80" name="续费" rect="281,85,60,25" showT="true" textColor="#FF0f2138" toolTip="续费" transparent="true" />
								</layoutEleUI>
							</layoutEleUI>
							<layoutEleUI expandT="true" layout.height="80" layout.width="80" rect="271,65,100,100" showT="true">
								<elementUI expandT="true" layout.height="fill" layout.width="fill" name="会员剩余流量" rect="43,51,100,100" showT="true" transparent="true" />
							</layoutEleUI>
						</layoutEleUI>
						<elementUI bkInfoM="{99:1.9.9;98:16(0);5:2(15)20(1)21(3)26(1)22(687865855)23(40);}" enable="false" expandT="true" layout.height="50" layout.margin="30,0,30" layout.width="1" rect="331,91,100,100" showT="true" transparent="true" />
						<layoutEleUI expandT="false" layout.alignH="center" layout.height="fill" layout.overflowHide="true" layout.space="20" layout.width=":1" rect="650,66,100,100" showT="true">
							<layoutEleUI expandT="false" layout.alignH="left" layout.height="fill" layout.width="100" rect="107,25,100,100" showT="true">
								<shapeText content="历史总量" expandT="true" font="@微软雅黑_11" layout.height="30" layout.width="100" layout.wrap="false" rect="122,91,100,20" showT="true" textAlign="DT_CENTER,DT_VCENTER,DT_SINGLELINE,DT_END_ELLIPSIS" textColor="#ccFFFFFF" />
								<shapeText content="120.15GB" expandT="true" font="@微软雅黑_11_加粗" layout.height="50" layout.width="100" layout.wrap="false" rect="142,111,100,20" showT="true" textAlign="DT_CENTER,DT_VCENTER,DT_SINGLELINE,DT_END_ELLIPSIS" textColor="#FF3bc8e5" />
							</layoutEleUI>
							<layoutEleUI expandT="true" layout.alignH="left" layout.height="fill" layout.width="100" rect="127,45,100,100" showT="true">
								<shapeText content="本月用量" expandT="true" font="@微软雅黑_11" layout.height="30" layout.width="100" layout.wrap="false" rect="142,111,100,20" showT="true" textAlign="DT_CENTER,DT_VCENTER,DT_SINGLELINE,DT_END_ELLIPSIS" textColor="#ccFFFFFF" />
								<shapeText content="7.81GB" expandT="true" font="@微软雅黑_11_加粗" layout.height="50" layout.width="100" layout.wrap="false" rect="162,131,100,20" showT="true" textAlign="DT_CENTER,DT_VCENTER,DT_SINGLELINE,DT_END_ELLIPSIS" textColor="#FF3bc8e5" />
							</layoutEleUI>
							<layoutEleUI expandT="true" layout.alignH="left" layout.height="fill" layout.width="100" rect="147,65,100,100" showT="true">
								<shapeText content="下载流量" expandT="true" font="@微软雅黑_11" layout.height="30" layout.width="100" layout.wrap="false" rect="162,131,100,20" showT="true" textAlign="DT_CENTER,DT_VCENTER,DT_SINGLELINE,DT_END_ELLIPSIS" textColor="#ccFFFFFF" />
								<shapeText content="5.43MB/S" expandT="true" font="@微软雅黑_11_加粗" layout.height="50" layout.width="100" layout.wrap="false" rect="182,151,100,20" showT="true" textAlign="DT_CENTER,DT_VCENTER,DT_SINGLELINE,DT_END_ELLIPSIS" textColor="#FF3bc8e5" />
							</layoutEleUI>
							<layoutEleUI expandT="true" layout.alignH="left" layout.height="fill" layout.width="100" rect="167,85,100,100" showT="true">
								<shapeText content="上传流量" expandT="true" font="@微软雅黑_11" layout.height="30" layout.width="100" layout.wrap="false" rect="182,151,100,20" showT="true" textAlign="DT_CENTER,DT_VCENTER,DT_SINGLELINE,DT_END_ELLIPSIS" textColor="#ccFFFFFF" />
								<shapeText content="67.92KB/S" expandT="true" font="@微软雅黑_11_加粗" layout.height="50" layout.width="100" layout.wrap="false" rect="202,171,100,20" showT="true" textAlign="DT_CENTER,DT_VCENTER,DT_SINGLELINE,DT_END_ELLIPSIS" textColor="#FF3bc8e5" />
							</layoutEleUI>
						</layoutEleUI>
					</layoutEleUI>
				</layoutEleUI>
				<layoutEleUI bkInfoM="{99:1.9.9;98:16(0);5:2(15)20(1)21(3)26(1)22(-1)23(255)10(1)7(1)11(3)16(1)12(-855568)13(255)9(6,6,6,6);}" expandT="false" layout.height=":1" layout.width="fill" padding="22,20,22,0" rect="308,237,100,100" showT="true">
					<layoutEleUI expandT="true" layout.alignBaseline="center" layout.height="auto" layout.space="6" layout.width="fill" rect="288,71,100,100" showT="true">
						<shapeText content="项目使用明细" expandT="true" font="@微软雅黑_12_加粗" layout.height="auto" layout.width="auto" rect="102,71,100,20" showT="true" textColor="@右侧标题" />
						<shapeRect borderColor="#FFE1E6E9" expandT="true" rect="116,51,2,14" showT="true" />
						<shapeText content="PROJECT USE DETAILS" expandT="true" font="@微软雅黑_11" layout.height="auto" layout.width="auto" rect="122,91,100,20" showT="true" textColor="@次要标题" />
					</layoutEleUI>
					<layoutEleUI expandT="true" layout.float="true" layout.height="58" layout.space="10" layout.width="fill" padding="0,20" rect="308,91,100,100" showT="true">
						<shapeText content="筛选:" expandT="true" font="@微软雅黑_11" layout.height="fill" layout.width="auto" rect="102,71,100,20" showT="true" textColor="@标题颜色" />
						<dateTimeUI bkInfoM="{sizeT:180,38;99:1.9.9;98:16(0)9(0)5(1)2(2);5:2(15)20(1)21(3)26(1)22(-1)23(255)10(1)7(1)11(3)16(1)12(-1515555)13(255)9(5,5,5,5);5:2(15)3(0,0,40,0)20(1)21(3)26(1)22(-1)23(255)10(1)7(1)11(3)16(1)12(-2965059)13(255)9(5,5,5,5);5:2(15)3(0,0,40,0)20(1)21(3)26(1)22(-1)23(255)10(1)7(1)11(3)16(1)12(-1120026)13(255)9(5,5,5,5);}" border="10" expandT="true" font="@微软雅黑_11" layout.height="fill" layout.width="180" name="date3" rect="118,63,117,25" showT="true">
							<buttonUI bkInfoM="{99:1.9.9;98:272(0)288(1)320(1)128(1)2(2);3:2(15)4(@dateBtn1.png);3:2(15)4(@dateBtn2.png);3:2(15)4(@dateBtn3.png);}" cursor="IDC_HAND" expandT="true" layout.height="fill" layout.width="41" name="date_btn3" rect="139,0,40,38" showT="true" topmost="true" transparent="true" />
						</dateTimeUI>
						<shapeText content="至" expandT="true" font="@微软雅黑_11" layout.height="fill" layout.width="auto" rect="122,91,100,20" showT="true" textColor="@标题颜色" />
						<dateTimeUI bkInfoM="{sizeT:180,38;99:1.9.9;98:16(0)9(0)5(1)2(2);5:2(15)20(1)21(3)26(1)22(-1)23(255)10(1)7(1)11(3)16(1)12(-1515555)13(255)9(5,5,5,5);5:2(15)3(0,0,40,0)20(1)21(3)26(1)22(-1)23(255)10(1)7(1)11(3)16(1)12(-2965059)13(255)9(5,5,5,5);5:2(15)3(0,0,40,0)20(1)21(3)26(1)22(-1)23(255)10(1)7(1)11(3)16(1)12(-1120026)13(255)9(5,5,5,5);}" border="10" expandT="true" font="@微软雅黑_11" layout.height="fill" layout.width="180" name="date4" rect="138,83,117,25" showT="true">
							<buttonUI bkInfoM="{99:1.9.9;98:272(0)288(1)320(1)128(1)2(2);3:2(15)4(@dateBtn1.png);3:2(15)4(@dateBtn2.png);3:2(15)4(@dateBtn3.png);}" cursor="IDC_HAND" expandT="true" layout.height="fill" layout.width="41" name="date_btn4" rect="139,0,40,38" showT="true" topmost="true" transparent="true" />
						</dateTimeUI>
						<layoutEleUI expandT="true" layout.float="true" layout.height="fill" layout.width="%90(百分比)" rect="528,56,100,100" showT="true">
							<buttonUI bkInfoM="{99:1.9.9;98:16(0)32(1)64(2)2(3);3:2(15)4(@搜索.png);3:2(15)4(@搜索_1.png);3:2(15)4(@搜索_2.png);3:2(15)4(@搜索_3.png);}" cursor="IDC_HAND" expandT="true" layoutControl="false" name="按钮1" rect="12,10,20,20" showT="true" toolTip="搜索" topmost="true" />
							<editUI bkInfoM="{sizeT:200,38;99:1.9.9;98:16(0)32(1)2(2);5:2(15)10(1)7(1)11(3)16(1)12(-1515555)13(255)9(18,18,18,18);5:2(15)10(1)7(1)11(3)16(1)12(-4081481)13(255)9(18,18,18,18);5:2(15)10(1)7(1)11(3)16(1)12(-1763123235)13(150)9(18,18,18,18);}" border="34,0,20,0" caretColor="#FF5C89CD" contentTips="搜索项目名 ╱ 编号 ╱ 版本" contentTipsColor="#FFBCBCBC" expandT="true" font="@微软雅黑_11" layout.height="fill" layout.width="fill" name="编辑框1" rect="131,59,100,20" showT="true" transparent="true" />
						</layoutEleUI>
					</layoutEleUI>
					<layoutEleUI expandT="true" layout.height=":1" layout.width="fill" name="download_listBox" padding="0,24,0,16" rect="328,111,100,100" showT="true" />
				</layoutEleUI>
			</layoutEleUI>
			<layoutEleUI expandT="false" id="@ID_main_用户列表" layout.height=":1" layout.width="fill" name="main_用户列表" padding="40,0,40,40" rect="375,249,100,100" show="false" showT="false">
				<layoutEleUI expandT="false" layout.alignBaseline="center" layout.alignH="left" layout.alignV="center" layout.height="auto" layout.horizon="true" layout.space="6" layout.width="fill" padding="0,0,0,24" rect="415,289,100,100" showT="true">
					<shapeText content="用户列表" expandT="true" font="@微软雅黑_12_加粗" layout.height="auto" layout.width="auto" rect="102,71,100,20" showT="true" textColor="@右侧标题" />
					<shapeRect borderColor="#FFE1E6E9" expandT="true" rect="116,51,2,14" showT="true" />
					<shapeText content="USER LIST" expandT="true" font="@微软雅黑_11" layout.height="auto" layout.width="auto" rect="122,91,100,20" showT="true" textColor="@次要标题" />
				</layoutEleUI>
				<layoutEleUI expandT="false" layout.height=":1" layout.width="fill" rect="431,257,100,100" showT="true">
					<layoutEleUI expandT="true" layout.height="%50(百分比)" layout.width="fill" name="userList1" rect="451,277,100,100" showT="true" />
					<layoutEleUI expandT="true" layout.height="%50(百分比)" layout.width="fill" name="userList2" rect="471,297,100,100" showT="true" />
				</layoutEleUI>
			</layoutEleUI>
			<layoutEleUI expandT="true" id="@ID_main_正在关注" layout.height=":1" layout.width="fill" name="main_正在关注" padding="40,0,40,40" rect="395,269,100,100" show="false" showT="false" />
			<layoutEleUI expandT="true" id="@ID_main_更多" layout.height=":1" layout.width="fill" name="main_更多" padding="40,0,40,40" rect="415,289,100,100" show="false" showT="false" />
		</layoutEleUI>
	</layoutFrameUI>
</windowUI>
