<?xml version="1.0" encoding="UTF-8"?>
<!--炫彩界面库-列表元素项模板文件-->
<head>
	<bindJsFile value="" />
</head>
<xc_template_list showT="true">
	<listHeader_item showT="true" expandT="true">
		<layoutEleUI drawBorder="false" enableCanvas="false" heightT="30" layout.alignBaseline="center" layout.alignH="left" layout.alignV="center" layout.height="fill" layout.horizon="true" layout.space="15" layout.width="fill" mouseThrough="true" padding="16" showT="true" transparent="true" widthT="100" expandT="true">
			<buttonUI bkInfoM="{99:1.9.9;98:272(0)288(1)320(1)128(2,3,4);5:2(15)20(1)21(3)26(1)22(-1)23(255)10(1)7(1)11(3)16(1)12(-3684925)13(255)9(3,3,3,3);5:2(15)20(1)21(3)26(1)22(-263173)23(255)10(1)7(1)11(3)16(1)12(-4079683)13(255)9(3,3,3,3);5:2(15)20(1)21(3)26(1)22(-1216735)23(255)9(3,3,3,3);5:2(15)8(-45.00)3(6,8,10,5)20(1)21(3)26(1)22(-1)23(255)9(1,1,1,1);5:2(3)8(45.00)3(10,5,2,9)20(1)21(3)26(1)22(-1)23(255)9(1,1,1,1);}" buttonType="check" itemID="1" layout.height="18" layout.width="18" rect="48,57,60,25" showT="true" transparent="true" expandT="true" />
			<shapeText content="{binding field=name1}" font="@微软雅黑_11_加粗" itemID="0" layout.height="fill" layout.width=":1" showT="true" textAlign="DT_CENTER,DT_VCENTER,DT_SINGLELINE" textColor="@列表表头标题颜色" expandT="true" />
		</layoutEleUI>
		<layoutEleUI drawBorder="false" enableCanvas="false" heightT="30" layout.alignH="left" layout.alignV="center" layout.height="fill" layout.horizon="true" layout.space="2" layout.width="fill" mouseThrough="true" showT="true" transparent="true" widthT="300" expandT="true">
			<shapeText content="{binding field=name2}" font="@微软雅黑_11_加粗" itemID="0" layout.height="fill" layout.width="fill" showT="true" textAlign="DT_CENTER,DT_VCENTER,DT_SINGLELINE" textColor="@列表表头标题颜色" expandT="true" />
		</layoutEleUI>
		<layoutEleUI drawBorder="false" enableCanvas="false" heightT="30" layout.alignH="left" layout.alignV="center" layout.height="fill" layout.horizon="true" layout.width="fill" mouseThrough="true" showT="true" widthT="100" expandT="true">
			<shapeText content="{binding field=name3}" font="@微软雅黑_11_加粗" itemID="0" layout.height="fill" layout.width="fill" showT="true" textAlign="DT_CENTER,DT_VCENTER,DT_SINGLELINE" textColor="@列表表头标题颜色" expandT="true" />
		</layoutEleUI>
		<layoutEleUI drawBorder="false" enableCanvas="false" heightT="30" layout.alignH="left" layout.alignV="center" layout.height="fill" layout.horizon="true" layout.width="fill" mouseThrough="true" showT="true" widthT="100" expandT="true">
			<shapeText content="{binding field=name4}" font="@微软雅黑_11_加粗" itemID="0" layout.height="fill" layout.width="fill" showT="true" textAlign="DT_CENTER,DT_VCENTER,DT_SINGLELINE" textColor="@列表表头标题颜色" expandT="true" />
		</layoutEleUI>
		<layoutEleUI drawBorder="false" enableCanvas="false" heightT="30" layout.alignH="left" layout.alignV="center" layout.height="fill" layout.horizon="true" layout.width="fill" mouseThrough="true" showT="true" widthT="100" expandT="true">
			<shapeText content="{binding field=name5}" font="@微软雅黑_11_加粗" itemID="0" layout.height="fill" layout.width="fill" showT="true" textAlign="DT_LEFT,DT_VCENTER,DT_SINGLELINE" textColor="@列表表头标题颜色" expandT="true" />
		</layoutEleUI>
		<layoutEleUI drawBorder="false" enableCanvas="false" heightT="30" layout.alignH="left" layout.alignV="center" layout.height="fill" layout.horizon="true" layout.width="fill" mouseThrough="true" padding="10" showT="true" widthT="200" expandT="true">
			<shapeText content="{binding field=name6}" font="@微软雅黑_11_加粗" itemID="0" layout.height="fill" layout.width=":1" showT="true" textAlign="DT_LEFT,DT_VCENTER,DT_SINGLELINE" textColor="@列表表头标题颜色" expandT="true" />
		</layoutEleUI>
	</listHeader_item>
	<list_Item showT="true" expandT="true">
		<layoutEleUI drawBorder="true" enableCanvas="false" heightT="76" layout.alignBaseline="center" layout.alignH="left" layout.alignV="center" layout.height="fill" layout.horizon="true" layout.space="15" layout.width="fill" mouseThrough="true" padding="16" showT="true" transparent="true" widthT="100" expandT="true">
			<buttonUI bkInfoM="{99:1.9.9;98:272(0)288(1)320(1)128(2,3,4);5:2(15)20(1)21(3)26(1)22(-1)23(255)10(1)7(1)11(3)16(1)12(-3684925)13(255)9(3,3,3,3);5:2(15)20(1)21(3)26(1)22(-263173)23(255)10(1)7(1)11(3)16(1)12(-4079683)13(255)9(3,3,3,3);5:2(15)20(1)21(3)26(1)22(-1216735)23(255)9(3,3,3,3);5:2(15)8(-45.00)3(6,8,10,5)20(1)21(3)26(1)22(-1)23(255)9(1,1,1,1);5:2(3)8(45.00)3(10,5,2,9)20(1)21(3)26(1)22(-1)23(255)9(1,1,1,1);}" buttonType="check" itemID="1" layout.height="18" layout.width="18" rect="28,37,60,25" showT="true" transparent="true" expandT="true" />
			<shapeText content="{binding field=name1}" font="@微软雅黑_11" itemID="0" layout.height="auto" layout.width=":1" showT="true" textAlign="DT_CENTER,DT_VCENTER,DT_SINGLELINE,DT_END_ELLIPSIS" textColor="@列表表头标题颜色" expandT="true" />
		</layoutEleUI>
		<layoutEleUI drawBorder="false" enableCanvas="false" heightT="76" layout.alignBaseline="center" layout.alignH="center" layout.alignV="center" layout.height="fill" layout.horizon="true" layout.space="12" layout.width="fill" mouseThrough="true" showT="true" transparent="true" widthT="300" expandT="true">
			<elementUI bkInfoM="{99:1.9.9;98:16(0,1);3:2(15)4(@tmp_list_mask.png);6:2(15)20(1)21(3)26(1)22(-65536)23(255)40(1);}" itemID="1" layout.height="32" layout.width="32" rect="41,59,100,100" showT="true" transparent="true" expandT="true" />
			<shapeText content="{binding field=name2}" font="@微软雅黑_11_加粗" itemID="0" layout.height="auto" layout.width="auto" showT="true" textAlign="DT_CENTER,DT_VCENTER,DT_SINGLELINE,DT_END_ELLIPSIS" textColor="@列表表项重要颜色" expandT="true" />
		</layoutEleUI>
		<layoutEleUI drawBorder="false" enableCanvas="false" heightT="76" layout.alignH="left" layout.alignV="center" layout.height="fill" layout.horizon="true" layout.width="fill" mouseThrough="true" showT="true" transparent="true" widthT="100" expandT="true">
			<shapeText content="{binding field=name3}" font="@微软雅黑_11" itemID="0" layout.height="auto" layout.width="fill" showT="true" textAlign="DT_CENTER,DT_VCENTER,DT_SINGLELINE,DT_END_ELLIPSIS" textColor="@列表表头标题颜色" expandT="true" />
		</layoutEleUI>
		<layoutEleUI drawBorder="false" enableCanvas="false" heightT="76" layout.alignH="left" layout.alignV="center" layout.height="fill" layout.horizon="true" layout.width="fill" mouseThrough="true" showT="true" transparent="true" widthT="100" expandT="true">
			<shapeText content="{binding field=name4}" font="@微软雅黑_11_加粗" itemID="1" layout.height="auto" layout.width="fill" showT="true" textAlign="DT_CENTER,DT_VCENTER,DT_SINGLELINE,DT_END_ELLIPSIS" textColor="@列表表头标题颜色" expandT="true" />
		</layoutEleUI>
		<layoutEleUI drawBorder="false" enableCanvas="false" heightT="76" layout.alignH="left" layout.alignV="center" layout.height="fill" layout.horizon="true" layout.width="fill" mouseThrough="true" showT="true" widthT="100" expandT="true">
			<shapeText content="{binding field=name5}" font="@微软雅黑_11" itemID="0" layout.height="auto" layout.width="fill" showT="true" textAlign="DT_LEFT,DT_VCENTER,DT_END_ELLIPSIS" textColor="@列表表头标题颜色" expandT="true" />
		</layoutEleUI>
		<layoutEleUI drawBorder="false" enableCanvas="false" heightT="76" layout.alignBaseline="center" layout.alignH="left" layout.alignV="center" layout.height="fill" layout.horizon="true" layout.space="10" layout.width="fill" mouseThrough="true" showT="true" widthT="200" expandT="true">
			<shapeText content="{binding field=name6}" font="@微软雅黑_11_加粗" itemID="0" layout.height="fill" layout.width="0" showT="true" textAlign="DT_CENTER,DT_VCENTER,DT_SINGLELINE,DT_END_ELLIPSIS" textColor="@列表表头标题颜色" expandT="true" />
			<buttonUI bkInfoM="{sizeT:32,32;99:1.9.9;98:16(0)32(1)64(1)2(2);3:2(15)4(@set_list.png);3:2(15)4(@set_list_0.png);3:2(15)4(@set_list_1.png);}" itemID="1" layout.height="32" layout.width="32" rect="47,24,60,25" showT="true" toolTip="设置" transparent="true" expandT="true" />
		</layoutEleUI>
	</list_Item>
</xc_template_list>
