<?xml version="1.0" encoding="UTF-8"?>
<!--炫彩界面库-布局面板文件-->
<head>
	<bindJsFile value="" />
</head>
<layoutPanel heightT="200" showT="true" widthT="500">
	<layoutEleUI layout.height="fill" layout.width="fill" rect="367,241,100,100" showT="true" expandT="true">
		<listUI bkInfoM="{99:1.9.9;98:16(0);5:2(15)20(1)21(3)26(1)22(-1)23(255);}" border="-2,0,-2,-2" drawBorder="false" layout.height="fill" layout.width="fill" rect="274,39,460,301" scrollBarAuto="true" scrollBarShowH="false" scrollBarShowV="true" showT="true" transparent="true" uid="10001" expandT="true">
			<child>
				<scrollBarUI bkInfoM="{99:1.9.9;98:16(0);3:2(15)4();}" showButton="false" childType="scrollBarH" />
				<buttonUI enable="false" childType="scrollBarH.up" />
				<buttonUI enable="false" childType="scrollBarH.down" />
				<buttonUI bkInfoM="{sizeT:20,6;99:1.9.9;98:16(0)32(1)64(1)128(1);5:2(37)3(0,6,0,0)20(1)21(3)26(1)22(-1052689)23(255)9(3,3,3,3);5:2(37)3(0,6,0,0)20(1)21(3)26(1)22(-2631721)23(255)9(3,3,3,3);}" transparent="true" childType="scrollBarH.button" />
				<scrollBarUI bkInfoM="{99:1.9.9;98:16(0);3:2(15)4();}" showButton="false" childType="scrollBarV" />
				<buttonUI enable="false" childType="scrollBarV.up" />
				<buttonUI enable="false" childType="scrollBarV.down" />
				<buttonUI bkInfoM="{sizeT:6,100;99:1.9.9;98:272(0)288(2)320(1,2)128(2);5:2(26)3(6,0,0,0)20(1)21(3)26(1)22(-3223858)23(255)9(3,3,3,3);5:2(26)3(6,0,0,0)20(1)21(3)26(1)22(-3355444)23(255)9(3,3,3,3);5:2(26)3(6,0,0,0)20(1)21(3)26(1)22(-4868683)23(255)9(3,3,3,3);}" layout.minSize="4,120" transparent="true" childType="scrollBarV.button" />
				<listHeaderUI bkInfoM="{sizeT:200,40;99:1.9.9;98:16(0)128(0)256(0)512(0);5:2(15)20(1)21(3)26(1)22(-198408)23(255)9(8,8,8,8);}" transparent="true" childType="listHeader" />
			</child>
		</listUI>
	</layoutEleUI>
</layoutPanel>
