<?xml version="1.0" encoding="UTF-8"?>
<!--炫彩界面库-窗口布局文件-->
<head />
<windowUI bkInfoM="{99:1.9.9;98:1(0);5:2(15)20(1)21(3)26(1)22(-1)23(255)9(14,14,14,14);}" center="true" content="提示" dragBorder="false" dragWindow="true" overlayBorder="true" rect="20,20,480,270" shadowAngleSize="10" shadowColor="#FF000000" shadowDepth="100" shadowRightAngle="false" shadowSize="14" showT="true" transparentAlpha="255" transparentFlag="shadow" windowStyle="0" windowType="modalWindow">
	<layoutEleUI layout.height="fill" layout.width="fill" rect="167,18,100,100" showT="true" expandT="true">
		<layoutEleUI layout.alignBaseline="center" layout.alignH="left" layout.alignV="top" layout.height="30" layout.horizon="true" layout.margin="22,10,10,24" layout.width="fill" rect="116,78,100,100" showT="true" expandT="true">
			<buttonUI bkInfoM="@按钮_登录_关闭" buttonType="close" cursor="IDC_HAND" layout.float="true" layout.height="30" layout.width="30" rect="267,8,60,25" showT="true" toolTip="关闭" transparent="true" expandT="true" />
			<buttonUI bkInfoM="{99:1.9.9;98:16(0);3:2(15)3(4,18,4,6)4(@tbg.png);}" content="系统提示" font="@雅黑_b14" layout.height="30" layout.width="auto" mouseThrough="true" name="msg_title" rect="173,13,60,25" showT="true" textColor="@标题颜色" transparent="true" expandT="true" />
		</layoutEleUI>
		<layoutEleUI layout.height=":1" layout.margin="30,0,30,0" layout.width="fill" rect="136,98,100,100" showT="true" expandT="true">
			<shapeText font="@雅黑_b11" layout.height="fill" layout.width="fill" name="msg_content" rect="215,54,100,20" showT="true" textAlign="DT_LEFT,DT_TOP,DT_SINGLELINE,DT_END_ELLIPSIS" textColor="@次标题颜色" expandT="true" />
		</layoutEleUI>
		<layoutEleUI layout.alignH="right" layout.height="36" layout.margin="32,24,32,24" layout.space="16" layout.width="fill" rect="156,118,100,100" showT="true" expandT="true">
			<buttonUI bkInfoM="{sizeT:78,36;99:1.9.9;98:16(0)32(1)64(2)2(3);5:2(15)20(1)21(4)26(1)24(2,0.00,-10385150,0,-7950301,100)9(18,18,18,18);5:2(15)20(1)21(4)26(1)24(2,0.00,-9530855,0,-8610769,100)9(18,18,18,18);5:2(15)20(1)21(4)26(1)24(2,0.00,-8610769,0,-6692010,100)9(18,18,18,18);5:2(15)20(1)21(3)26(1)22(1517195801)23(90)9(18,18,18,18);}" content="确认" cursor="IDC_HAND" font="@雅黑_b11" layout.height="36" layout.width="78" name="msg_btn1" rect="174,13,60,25" showT="true" textColor="@白色" transparent="true" expandT="true" />
			<buttonUI bkInfoM="{sizeT:78,36;99:1.9.9;98:16(0)32(1)64(2)2(3);5:2(15)20(1)21(3)26(1)22(-921875)23(255)9(18,18,18,18);5:2(15)20(1)21(3)26(1)22(-1449248)23(255)9(18,18,18,18);5:2(15)20(1)21(3)26(1)22(-2631721)23(255)9(18,18,18,18);5:2(15)20(1)21(3)26(1)22(1525409508)23(90)9(18,18,18,18);}" content="取消" cursor="IDC_HAND" font="@雅黑_b11" layout.height="36" layout.width="78" name="msg_btn2" rect="194,33,60,25" showT="true" textColor="@次标题颜色" transparent="true" expandT="true" />
		</layoutEleUI>
	</layoutEleUI>
</windowUI>
