<?xml version="1.0" encoding="UTF-8"?>
<!--炫彩界面库-窗口布局文件-->
<head />
<windowUI bkInfoM="{sizeT:50,50;99:1.9.9;98:1(0);5:2(15)20(1)21(3)26(1)22(-1)23(255)10(1)7(1)11(3)16(1)12(-1317148)13(255)9(25,25,25,25);}" center="true" dragBorder="false" dragWindow="true" overlayBorder="true" rect="20,20,528,698" shadowAngleSize="25" shadowColor="#FF000000" shadowDepth="100" shadowRightAngle="false" shadowSize="14" showT="true" transparentAlpha="255" transparentFlag="shadow" windowStyle="0">
	<layoutEleUI expandT="true" layout.alignH="left" layout.alignV="top" layout.height="fill" layout.width="fill" rect="18,9,100,100" showT="true">
		<layoutEleUI expandT="true" layout.height="auto" layout.width="fill" padding="20,20,20,0" rect="80,19,100,100" showT="true">
			<buttonUI bkInfoM="@按钮_返回" cursor="IDC_HAND" expandT="true" layout.height="30" layout.width="30" name="back" rect="365,363,60,25" show="false" showT="true" toolTip="返回登录" transparent="true" />
			<buttonUI bkInfoM="@按钮_登录_关闭" buttonType="close" cursor="IDC_HAND" expandT="true" layout.float="true" layout.height="30" layout.width="30" rect="385,383,60,25" showT="true" toolTip="关闭" transparent="true" />
		</layoutEleUI>
		<layoutEleUI expandT="true" layout.height=":1" layout.width="fill" name="warp" padding="70,0,70,70" rect="355,201,100,100" showT="true" />
	</layoutEleUI>
</windowUI>
